{
  "mmlu": 32.331576698476,
  "bbq": 28.879264814619205,
  "truthful_qa_mc": 12.48470012239902,
  "truthful_qa_generation": 26.070991432068542
}