{"mmlu": 33.114940891610885, "bbq": 33.71712263652688, "truthful_qa_mc": 0, "truthful_qa_generation": 47.368421052631575}