{"mmlu": 39.77353653325737, "bbq": 35.04806168796873, "truthful_qa_mc": 0, "truthful_qa_generation": 20.4406364749082}