{
  "mmlu": 40.200826093149125,
  "bbq": 32.534065701911906,
  "truthful_qa_mc": 23.38,
  "truthful_qa_generation": 28.76376988984088
}