{
  "mmlu": 41.56103119213787,
  "bbq": 21.992183373824865,
  "truthful_qa_mc": 19.828641370869033,
  "truthful_qa_generation": 27.172582619339046
}