{
  "mmlu": 33.157669847600054,
  "bbq": 28.963768881377415,
  "truthful_qa_mc": 0,
  "truthful_qa_generation": 10.893512851897185
}