{
  "mmlu": 29.212362911266197,
  "bbq": 25.868807436357876,
  "truthful_qa_mc": 11.87,
  "truthful_qa_generation": 21.542227662178703
}