{"mmlu": 39.28215353938185, "bbq": 35.882539347206084, "truthful_qa_mc": 11.138310893512852, "truthful_qa_generation": 22.399020807833537}