{"mmlu": 44.687366472012535, "bbq": 34.372029153903036, "truthful_qa_mc": 0, "truthful_qa_generation": 57.89473684210527}